{
    "wall_times": {
        "load_features": 0.08337180000035005,
        "load_matches": 0.0027120999993712758,
        "compute_tracks": 0.04478870000002644
    },
    "wall_time": 0.13087259999974776,
    "num_images": 2,
    "num_tracks": 349,
    "view_graph": [
        [
            "img1.jpg",
            "img2.jpg",
            349
        ]
    ]
}